<?xml version="1.0" encoding="UTF-8"?><TaskRepositories OutputVersion="2"><TaskRepository kind="github" url="https://github.com/user/repository" version="unknown" encoding="UTF-8" timezone="Europe/Madrid" org.eclipse.mylyn.tasklist.repositories.proxy.usedefault="true" org.eclipse.mylyn.tasklist.repositories.savePassword="false" org.eclipse.mylyn.tasklist.repositories.httpauth.savePassword="true" org.eclipse.mylyn.tasklist.repositories.proxy.savePassword="false" category="org.eclipse.mylyn.category.bugs" org.eclipse.mylyn.internal.github.core.REPO_USE_TOKEN="false" org.eclipse.mylyn.brand.id="" org.eclipse.mylyn.tasklist.repositories.enabled="true" org.eclipse.mylyn.tasklist.repositories.username="True1Santony" label="user/repository issues" org.eclipse.mylyn.tasklist.repositories.proxy.hostname="" org.eclipse.mylyn.tasklist.repositories.proxy.port="" org.eclipse.mylyn.tasklist.repositories.proxy.enabled="true" org.eclipse.mylyn.tasklist.repositories.offline="false"><Property value="unknown" key="version"/><Property value="UTF-8" key="encoding"/><Property value="Europe/Madrid" key="timezone"/><Property value="true" key="org.eclipse.mylyn.tasklist.repositories.proxy.usedefault"/><Property value="false" key="org.eclipse.mylyn.tasklist.repositories.savePassword"/><Property value="true" key="org.eclipse.mylyn.tasklist.repositories.httpauth.savePassword"/><Property value="false" key="org.eclipse.mylyn.tasklist.repositories.proxy.savePassword"/><Property value="org.eclipse.mylyn.category.bugs" key="category"/><Property value="false" key="org.eclipse.mylyn.internal.github.core.REPO_USE_TOKEN"/><Property value="" key="org.eclipse.mylyn.brand.id"/><Property value="true" key="org.eclipse.mylyn.tasklist.repositories.enabled"/><Property value="True1Santony" key="org.eclipse.mylyn.tasklist.repositories.username"/><Property value="user/repository issues" key="label"/><Property value="" key="org.eclipse.mylyn.tasklist.repositories.proxy.hostname"/><Property value="" key="org.eclipse.mylyn.tasklist.repositories.proxy.port"/><Property value="true" key="org.eclipse.mylyn.tasklist.repositories.proxy.enabled"/><Property value="false" key="org.eclipse.mylyn.tasklist.repositories.offline"/></TaskRepository><TaskRepository kind="local" url="local" version="1" encoding="UTF-8" timezone="Europe/Madrid" org.eclipse.mylyn.tasklist.repositories.proxy.usedefault="true" org.eclipse.mylyn.tasklist.repositories.savePassword="true" org.eclipse.mylyn.tasklist.repositories.httpauth.savePassword="true" org.eclipse.mylyn.tasklist.repositories.proxy.savePassword="true" label="Local" category="org.eclipse.mylyn.category.tasks"><Property value="1" key="version"/><Property value="UTF-8" key="encoding"/><Property value="Europe/Madrid" key="timezone"/><Property value="true" key="org.eclipse.mylyn.tasklist.repositories.proxy.usedefault"/><Property value="true" key="org.eclipse.mylyn.tasklist.repositories.savePassword"/><Property value="true" key="org.eclipse.mylyn.tasklist.repositories.httpauth.savePassword"/><Property value="true" key="org.eclipse.mylyn.tasklist.repositories.proxy.savePassword"/><Property value="Local" key="label"/><Property value="org.eclipse.mylyn.category.tasks" key="category"/></TaskRepository></TaskRepositories>